read_id	uncorrected_barcode	corrected_barcode	quality_barcode	uncorrected_umi	corrected_umi	quality_umi	gene	transcript	start	end	chr
e0202e4a-e69c-45fe-b69c-d8b38fd6300d_0	CGATGGCAGGTCATTC	CGATGGCAGGTCATTC	FHEFDCD=99:9E666	AAATATGATAAA	AAATATGATAAA	6666CCDBBEAJ	-	-	72244401	72244557	chr10
e12d0e24-af2d-4191-a08e-e867b948bb63_0	CGATGGCAGGTCATTC	CGATGGCAGGTCATTC	BDEEFHKJHEHHHIHH	AAATATGATAAA	AAATATGATAAA	IIHJIIIJHHGD	-	-	72244401	72244557	chr10
fa082da5-fed4-4a1b-80da-a1f454f4a374_0	CTTCTAACACATTGTG	CTTCTAACACATTGTG	66733@A@A@@A@CCC	CCCCAACCCACA	CCCCAACCCACA	DBBCCA=CFHF>	-	-	72244401	72244553	chr10
8d904e47-ab71-437d-9a26-b7780e79435a_0	GAACACTGTAGAAACT	GAACACTGTAGAAACT	68:DCAA??>>?@BCD	TAGGGTGGGTGT	TAGGGTGGGTGT	EB?????>==<9	-	-	63521375	63610282	chr10
8694a983-46ca-4df5-8fea-abf52b338cb6_0	GATCATGCATTCAGGT	GATCATGCATTCAGGT	5AABDCI988857777	ACCTGGGCTCTC	ACCTGGGCTCTC	>??>A??=>=;E	-	-	72244401	72244551	chr10
8952391c-1a31-4764-8682-d6359cd27a10_0	GATCATGCATTCAGGT	GATCATGCATTCAGGT	CCA@@AABHGF?>>>?	CCTGTCCAGGAA	CCTGTCCAGGAA	CEGHHJMHILJI	-	-	72244401	72244554	chr10
13af76e6-5bf4-4910-bc1f-fcee148b9bc6_0	TCAGTCCTCCGTCACT	TCAGTCCTCCGTCACT	'((()*++,,778888	TTATCTATAGTG	TTATCTATAGTG	88998766666C	-	-	74997474	74998135	chr10
3cd8e90e-2f70-44bf-bae5-8713709d428a_0	TCTACATCAATGTTGC	TCTACATCAATGTTGC	1,++-,/;GHJIEEDE	GGGTTTTTGAGT	GGGTTTTTGAGT	@ABBCNIK,,++	-	-	72244401	72244549	chr10
7a803a72-fc7a-45ff-a9fc-34089e02f429_0	TCTACATCAATGTTGC	TCTACATCAATGTTGC	778DDFEEFGEFFEEF	ACTGCCGACCCC	ACTGCCGACCCC	HL====>BCHEI	-	-	72244401	72244549	chr10
079a145b-c5cc-4d74-bedd-e906124f2db7_0	TCTACCGTCCGTGACG	TCTACCGTCCGTGACG	7678>>??ABBD;;;8	TCGCAGACCGTT	TCGCAGACCGTT	8878<;?AB<:2	-	-	72244401	72244553	chr10
808a2d51-602b-4e42-9fe7-40527c8e5700_0	TTCTAGTCATCCGGTG	TTCTAGTCATCCGGTG	EEBC>;;>DDD>:::;	GATTCGGCGACT	GATTCGGCGACT	<???<443....	RPL21	NM_000982	120354643	120355223	chr10
240750e7-58ba-45ff-8ed3-ae9730c0c9f1_0	AAGACTCAGAACCCGA	AAGACTCAGAACCCGA	@<<<?ICBCFMIJNMI	TCAGAGAGGTCT	TCAGAGAGGTCT	SJSLLJLOLKB<	KRT19	NM_002276	41523618	41528308	chr17
342a5045-503c-4a7b-8d85-c3c4e1aa275f_0	AAGTTCGGTAACGGTG	AAGTTCGGTAACGGTG	===BABEEDDDCEHGF	TGAGTCCCCAGA	TGAGTCCCCAGA	JHFGE2222FDE	-	-	3267923	3268139	chr17
d76ec829-c346-4635-8ad0-afd246dde91b_0	AGAACAATCACTTGGA	AGAACAATCACTTGGA	NKLSGMKSGIHGFDBB	CGGTATCGTAAT	CGGTATCGTAAT	AE@====>BDKJ	-	-	3267923	3268136	chr17
e312abaf-ef9d-4722-9fb8-d0bfcfe26c8e_0	AGAACAATCACTTGGA	AGAACAATCACTTGGA	A@@??AACCB?@?==>	CCTGGGATTGAC	CCTGGGATTGAC	==>??@?<<==H	-	-	3267923	3268139	chr17
6457623a-8fd2-4ca5-94e4-c3cffe79d0bd_0	AGAACAATCACTTGGA	AGAACAATCACTTGGA	HFFFFHIMJKIILGED	CCTGCCTTCGAT	CCTGCCTTCGAT	AAAAADFFCDDC	-	-	3267923	3268135	chr17
2c9996ef-a81d-48c4-b277-0e25be901105_0	AGAACAATCACTTGGA	AGAACAATCACTTGGA	88HHGLHJFFEGFKIH	AATGCGAATGCG	AATGCGAATGCG	C@AAADBABBBE	-	-	3267923	3268139	chr17
5815602e-360c-4379-a54e-229afd111335_0	CAGTGCGTCGGAGATG	CAGTGCGTCGGAGATG	8>>GFFEH>====CC?	GAGTCAGAGGGG	GAGTCAGAGGGG	867999:;=DGE	-	-	50133736	50134834	chr17
e86e4ebb-161d-4a93-9aeb-5d5a4ed6894d_0	CGCATAATCGAGTGGA	CGCATAATCGAGTGGA	6;DF><<;;>??A@@A	ACAGCGACTACG	ACAGCGACTACG	:8887:86667:	VMP1	NM_001329400	59839901	59840593	chr17
cfc0e81d-c3b8-4a4c-8f0f-e88b925e9b68_0	GCTACCTGTCATCTAG	GCTACCTGTCATCTAG	KJJJSKSNSFFJJJQO	CACCTGGAATGG	CACCTGGAATGG	LILKKHQMQPMR	-	-	61797841	61798345	chr17
9734c445-c7c5-4d3b-82f2-5ecafd5741d5_0	GCTTGGGTCTGTACAG	GCTTGGGTCTGTACAG	EBBCB@@@??CBAAA?	GCCGCGCAACGT	GCCGCGCAACGT	?>:865568<<;	-	-	58998201	58999191	chr17
19c62e4c-666d-4e14-bbf9-9aa25825bf96_0	GGCACGTGTGTCTTAG	GGCACGTGTGTCTTAG	GHGGGJJIHLI@GFGH	CATTTGCAAGGG	CATTTGCAAGGG	KLHHFEFHGC@I	-	-	3267923	3268139	chr17
1d05d157-0325-4d6d-a804-142034bf85d0_0	GGTGAAGAGAAATGGG	GGTGAAGAGAAATGGG	D888FDDEDEJG@IFE	CGGCCGATCCTA	CGGCCGATCCTA	DCCDDFC@@@?D	-	-	3267923	3268136	chr17
e39b14c7-9d72-4c15-8451-40f42d97deba_0	GTGTGATTCCTGTACC	GTGTGATTCCTGTACC	11288>@>??>>FDDC	TCAGCGACGTTT	TCAGCGACGTTT	DEDFCA@@=<72	PCYT2	NM_002861	81904326	81911372	chr17
0da59ddd-365c-4189-9468-c58521a95516_0	TCAGTCCTCCGTCACT	TCAGTCCTCCGTCACT	IGLHJJGLJIPMJQIH	AAGGTATTGGGG	AAGGTATTGGGG	SJKHGHIJKIGI	-	-	3267923	3268139	chr17
5cc1e4fc-129d-4cbd-bc0d-03b15b34a4a9_0	TCAGTCCTCCGTCACT	TCAGTCCTCCGTCACT	GCBABC@@BDGIHIEE	AAGGTATTGGGG	AAGGTATTGGGG	HFFFAA@?@BCE	-	-	3267923	3268136	chr17
308b8751-da5b-4165-b442-9531df75cb49_0	TCCATCGAGTCACTGT	TCCATCGAGTCACTGT	<<;:;;>>>>GLSIIS	CGCGATGCAGAA	CGCGATGCAGAA	MJJFEEDC@;71	PFN1	NM_005022	4945653	4948505	chr17
07839a85-570b-49b9-a207-e017bf1e7b3b_0	CAGCAGCTCTAAGCGT	CAGCAGCTCTAAGCGT	CCEDDEABCBCFD><<	TATGCCATGGAC	TATGCCATGGAC	<<AGDBCBABB?	-	-	32412624	32413239	chr18
f1d33e92-52a9-4a12-a180-5e8269ffb245_0	ACGTCCTAGGAACGTC	ACGTCCTAGGAACGTC	@=9999:AA@??<:::	TGTAGTATATGG	TGTAGTATATGG	:=CECCCCCFDA	TECR	NM_138501	14529594	14565973	chr19
0aa56bcf-d616-42ff-aa6a-8edbda828db9_0	CCATCACTCCACACCT	CCATCACTCCACACCT	B?>>ABBABAAABAA@	TGGTTTTGCGAG	TGGTTTTGCGAG	@@A@BBCE8766	UBA52	NM_003333	18571869	18575443	chr19
55e5fea2-bdd9-4b85-a4bb-ba9a6afb32a5_0	GAAATGACAACAGTGG	GAAATGACAACAGTGG	KSNOHSOLGJIHHIHJ	TAACGGCGATTT	TAACGGCGATTT	OJGNCCCBAD=>	RPS16	NM_001020	39433209	39435948	chr19
c16a7e48-8991-4d3a-bb5f-2027a16c0458_0	GGATGTTGTAACAGTA	GGATGTTGTAACAGTA	A986789>EGFLGIJH	CAACTATCGAGC	CAACTATCGAGC	GHG?>===ABCO	-	-	47382448	47382665	chr19
b5a29a21-5de9-4e46-bb50-75829f400b96_0	TTACTGTGTGCTTCAA	TTACTGTGTGCTTCAA	AAACC@@@B@>>>>?D	CAGTGCAAAAAC	CAGTGCAAAAAC	CC@@@@BEEKH<	-	-	3976055	3978037	chr19
4454651d-a5b2-4995-9855-8d3a5f851193_0	CATCGCTGTGGCTACC	CATCGCTGTGGCTACC	<;:86777=EC@A?<:	TCAGTCACTGGT	TCAGTCACTGGT	;::;>>?@@@<;	-	-	118137248	118138348	chr2
aedf0a7d-b731-4746-9563-2570f65cbcb6_0	GAACTGTAGTTCCAGT	GAACTGTAGTTCCAGT	BBBCDFJ====<>;;=	GATGCCGGGCGA	GATGCCGGGCGA	>?A@>=::::==	RPS7	NM_001011	3575320	3580919	chr2
17b5bebb-10a0-49d4-b206-9e8b3b4e4249_0	TTCACCGTCAGAACCT	TTCACCGTCAGAACCT	H@>===@BCB@@A@BB	ATACAGTTAGGA	ATACAGTTAGGA	BBBBBBB@BCCG	-	-	169604043	169614736	chr2
3943d5ac-4c6d-4746-87a2-790f7cb161f5_0	ACGTTCCGTCCTGTTC	ACGTTCCGTCCTGTTC	JI===<?;;DEIHIMG	GCTAAAACTCGA	GCTAAAACTCGA	EHJHHINSPLHD	ID1	NM_002165	31605288	31606510	chr20
4aac8e10-7fdb-4780-9104-5ca95484fa11_0	CATACTTCAAAGCAAT	CATACTTCAAAGCAAT	27:>=>>>@DCCBBAB	CATTATAGGATA	CATTATAGGATA	BDDDDEDB?>>=	-	-	62136887	62139178	chr20
8bd089db-b6dd-4afe-9847-54e9a5b9db8d_0	TATACCTAGCCGATAG	TATACCTAGCCGATAG	IEEFIKGC@@@?>A?@	ACATTATACCGT	ACATTATACCGT	AA;;;:;..-+,	-	NM_002415_2	130790	131585	chr22_KI270879v1_alt
a30b6556-322b-4a8d-a942-44295534a18f_0	GACGCTGCACCATAAC	GACGCTGCACCATAAC	BB>33333>;:;;=AC	TAATCATCCGGA	TAATCATCCGGA	BCDEDEDB:999	-	-	124730449	124737821	chr3
102c1942-1112-4e30-a2b8-c7a28ed2a942_0	GAGGCAATCTGGCTGG	GAGGCAATCTGGCTGG	>>?@BBA@?AA@AA@?	TGCAGTTCACAC	TGCAGTTCACAC	????>?@<<==E	-	-	161415711	161415980	chr3
4b050ea5-5b7e-4cd2-b096-8fa4efb17522_0	GAGGCAATCTGGCTGG	GAGGCAATCTGGCTGG	OMILGJJHILPLMIGE	TTTAAGATGCGT	TTTAAGATGCGT	IIIMNNOOIJ@?	-	-	161415719	161415980	chr3
f49e7cd5-9be7-4718-82a7-839307a0c3d8_0	GAGGCAATCTGGCTGG	GAGGCAATCTGGCTGG	>?>>BEGGHHKFHHHG	TGCAGTTCACAC	TGCAGTTCACAC	GEFGFGGFGFDH	-	-	161415711	161415980	chr3
8388f934-9446-4eab-a530-56877c7e1902_0	AGGACTTTCTTCGTAT	AGGACTTTCTTCGTAT	==?@BFB95555:<=>	CTTGGCAGCTGG	CTTGGCAGCTGG	:::<A@@>?@@A	-	-	124724856	124725175	chr4
500a4708-315d-4163-b418-92cb18b13244_0	AGGACTTTCTTCGTAT	AGGACTTTCTTCGTAT	;;;>=>?@?BC:5555	TCGTTCGTAAGT	TCGTTCGTAAGT	7<66667;;;=@	-	-	124724856	124725175	chr4
f697e8e6-806f-43dd-8f49-211acada897a_0	AGTCAACTCAAAGCCT	AGTCAACTCAAAGCCT	HNKGJJFJEACDAA??	GAAGTGCACGCT	GAAGTGCACGCT	>;<AOD@66...	-	-	112145401	112187207	chr4
5ad83eb1-5571-4baf-9702-6335ea1ca038_0	CAGCCAGCATGCGGTC	CAGCCAGCATGCGGTC	AAA@??>>?@@75444	CGTATAATAATT	CGTATAATAATT	45555<EFFF=;	-	-	48705914	48706642	chr4
f2b129c5-e393-4fcf-bbb0-b9abc25aec64_0	CTCTGGTTCCGCCTAT	CTCTGGTTCCGCCTAT	FGFGFGFFE=;;;<?E	GTCAGACTCTTT	GTCAGACTCTTT	JSIIHIILC=81	-	-	41935134	41954790	chr4
4b0415ca-5e8b-4f0d-b826-65e46d560a4a_0	ACCACAATCCGATTAG	ACCACAATCCGATTAG	LLKKMSJOPFEFEDIJ	TCCAGGACGCTA	TCCAGGACGCTA	NJLHKKHFGGEI	ADAMTS19	-	129480564	129480771	chr5
160e649f-4987-4641-ba23-2cf7fdeb2c7c_0	ACCACAATCCGATTAG	ACCACAATCCGATTAG	FHHJGFAAABEIIFBA	TCCAGGACGCTA	TCCAGGACGCTA	@@@@@>99:9=A	ADAMTS19	-	129480564	129480771	chr5
ed589027-4351-421f-b4ab-1d53d10f60d2_0	AGGGTTTCAAGGTCAG	AGGGTTTCAAGGTCAG	BA<<<==DFFC?>>>?	CCTCGGTCTAGT	CCTCGGTCTAGT	???>;;;;<?><	CLTB	NM_001834	176392514	176416539	chr5
aa235cf3-b3eb-45bd-9aa3-4fcdbf578a1b_0	CTGGACGTCAAGTCTG	CTGGACGTCAAGTCTG	553445:?43333454	CCACGTCGAAGG	CCACGTCGAAGG	66<<@DDHGGG<	COX7C	NM_001867	86618007	86620766	chr5
ef38abcf-62ba-479d-9bc9-c6db7e6ed75c_0	GCCCGAAAGCAATAGT	GCCCGAAAGCAATAGT	EDB<66???GEFIIJS	TACGCATGTGGG	TACGCATGTGGG	HFGEFEEIKCBB	ADAMTS19	-	129480564	129480702	chr5
7ad27f53-7760-4c6a-80c5-8d130c9818b9_0	GCCCGAAAGCAATAGT	GCCCGAAAGCAATAGT	@>>>CJPKKGGHFJDC	TACGCATGTGGG	TACGCATGTGGG	CCCECCDCBDGG	ADAMTS19	-	129480564	129480702	chr5
51782148-3a4d-4002-9cc9-4e64ad89ad95_0	GCCCGAAAGCAATAGT	GCCCGAAAGCAATAGT	=;932223;@?>=><;	CAATCTGGTTAC	CAATCTGGTTAC	;<<@?AB@>?98	ADAMTS19	-	129480564	129481057	chr5
67e8662b-8b59-4a8f-a1f2-dac3b8cfc852_0	GGGCCATAGGAGCTGT	GGGCCATAGGAGCTGT	42210236689:B?@@	CGGCCTAAATCA	CGGCCTAAATCA	@ACCDCFBBB?A	ADAMTS19	-	129480564	129480813	chr5
acebb801-5f91-4bfc-a907-165f3b05dc0b_0	GGGCCATAGGAGCTGT	GGGCCATAGGAGCTGT	GDBBBBDEFEGFFGGG	GGCTAGTGATGC	GGCTAGTGATGC	FHFGFHGLJSI>	ADAMTS19	-	129480564	129480655	chr5
c8cd5d0b-0ffd-400b-989a-3c6d874d8f93_0	GGGCCATAGGAGCTGT	GGGCCATAGGAGCTGT	EDDCEEEIGGGHHGEF	TCAAGTTTGGTC	TCAAGTTTGGTC	DDHHIGD????K	ADAMTS19	-	129480564	129480674	chr5
84290812-b17e-445e-aee1-33493c901db1_0	GGGCCATAGGAGCTGT	GGGCCATAGGAGCTGT	C>=<<<@::899==>>	GTACGTTCTATT	GTACGTTCTATT	@@?<:;;;>?;:	ADAMTS19	-	129480564	129480844	chr5
41284181-0b8e-4c7b-b3e8-6ab26a030698_0	GGGCTACAGGCACGAT	GGGCTACAGGCACGAT	FEEFGJKFDCFFJHFI	CTGTTTGTGGAG	CTGTTTGTGGAG	EGIGIOIMKDBA	-	-	150444237	150449740	chr5
32108128-31fd-483a-8cac-9e65e6063f15_0	AAGACTCGTGTTCGTA	AAGACTCGTGTTCGTA	842236334?>?===;	GATTTTGCGGTG	GATTTTGCGGTG	<=<<<>>A=<<<	-	-	12514339	12514791	chr6
9f8091c5-ab16-44e7-b58d-a6ff81bb72c2_0	ACCATTTAGGCCTGCT	ACCATTTAGGCCTGCT	DCCCCEA===<??AAA	AAAGGTGAAGCT	AAAGGTGAAGCT	BCDECAAAB;5.	-	-	73518512	73519162	chr6
6be50f6f-8b02-4487-a789-d7d8ed43acd8_0	AGGCTGCAGCATGCAG	AGGCTGCAGCATGCAG	889EJJGJSJIMJHIJ	TTAATTTGTTTC	TTAATTTGTTTC	HKJIKKGGHIIB	H1-2	NM_005319	26055957	26056470	chr6
a55e6de4-35ed-41c7-9e22-af5aecd0c288_0	CAGAGCCGTATGGAGC	CAGAGCCGTATGGAGC	EECBACCDDCCDGHFH	AATAGTGTTTCA	AATAGTGTTTCA	GFIIFIHECFEM	-	-	163570895	163571146	chr6
684c35c8-b0c3-46a2-9dad-c8463914c6a8_0	CCCTGATTCGAACCTA	CCCTGATTCGAACCTA	<;:2?@AB:33335=<	TTGTGTATTCGT	TTGTGTATTCGT	<>>?>>=>>733	-	-	110661435	110661910	chr6
9fedf834-7c7e-4507-a675-8a78814da990_0	CGAATTGCAATATCCG	CGAATTGCAATATCCG	8?>?>?@C9998:EEB	GAGTGTAATGCT	GAGTGTAATGCT	?@33:<<??@;:	SLC35B2	NM_178148	44254100	44257528	chr6
03b0229d-4f76-4835-8670-2e865284b370_0	CTAACCCAGGTAAGAG	CTAACCCAGGTAAGAG	DECCDC@@DFHHJOSK	GCCCGCAGTTAG	GCCCGCAGTTAG	JLGDCDCCLOGD	-	-	18225108	18226239	chr6
5271e3e3-705f-4804-9445-68b32de61cf1_0	TGTACAGGTCTGTCCT	TGTACAGGTCTGTCCT	DECGEB?<<<=A===0	ATGCGATTCTTA	ATGCGATTCTTA	/*))*1+)*)-2	NUDT3	-	34317219	34317425	chr6
9111be47-91b3-4be6-b9d1-701311592a27_0	TGTACAGGTCTGTCCT	TGTACAGGTCTGTCCT	FFBCA@ABBACBC=>7	GCCCAGTGCACG	GCCCAGTGCACG	7@@@?@ABBA?=	NUDT3	-	34317219	34317425	chr6
39fc273c-8485-4a44-898a-4db814829ae1_0	AAGTGAACATCCGCGA	AAGTGAACATCCGCGA	IFFFBBBA>>==;>DD	GCTCTCATGCCT	GCTCTCATGCCT	EEEIJKHFGJD?	SERBP1	NM_001018068	67413106	67430386	chr1
4178e83b-4df1-48f8-98f5-ee61635c8f90_0	ACTTCCGAGCTAATGA	ACTTCCGAGCTAATGA	***.019<=?BCA><;	CCCCGAGGATCG	CCCCGAGGATCG	;;<>@B?;::;>	IGSF3	-	116622601	116623264	chr1
58727be4-a8ae-44ae-9bf1-8be70d1ec0d8_0	AGATCGTCAGCCTATA	AGATCGTCAGCCTATA	HGFDDDDEHGJLJHGG	GGAGTGCTCAGT	GGAGTGCTCAGT	FFGHJIHJLMDC	-	-	116015827	116016015	chr1
18b30d5c-ff0c-4126-9fdd-3787155e62a3_0	AGCGCCACACGACGAA	AGCGCCACACGACGAA	GFKPKHIKPSLKIGKL	CGCTCGGACTCT	CGCTCGGACTCT	MMJKJA>CEDFD	HAX1	NM_006118	154272631	154275870	chr1
337fe846-a35b-4086-854c-2ab4e99cf9c2_0	ATGACCAGTAGGCTCC	ATGACCAGTAGGCTCC	@@@A???>=?=;:;::	AACACTTAAAAC	AACACTTAAAAC	<=>CBBBBBKI>	-	-	116015827	116015981	chr1
fcfc4d5b-3291-471d-a745-f0db740aa97e_0	ATTTACCTCGACATTG	ATTTACCTCGACATTG	DC==65566?ABDA??	AGGTTTGCTGGC	AGGTTTGCTGGC	@AB@@?>==>>H	-	-	22091793	22092853	chr1
28176a89-194c-45e3-803b-aa9266e6f1c2_0	CACGTTCAGCCGTCGT	CACGTTCAGCCGTCGT	HFCBCCEGHGECCAAA	CTCGTGCAGGTT	CTCGTGCAGGTT	DDEFEEEDDDA<	-	-	32013853	32014377	chr1
b0988633-e70b-4eaf-82c7-e58f0ea64ba8_0	CACTAAGGTGTCCTAA	CACTAAGGTGTCCTAA	BBNOMIMIHHMLMPNJ	TACATTATGCCG	TACATTATGCCG	QLJMKSSSQOHC	-	-	116015827	116016015	chr1
4e337c94-74e3-489b-82f7-7b4fad874fbd_0	CAGCACGCAGACATCT	CAGCACGCAGACATCT	B@???>?@?>>===>=	AAACGCACCTCG	AAACGCACCTCG	=<<:9988788>	-	-	116015827	116016015	chr1
28ad9d04-894a-4c88-8969-15c977837be6_0	CCGGGTACAACAAGAT	CCGGGTACAACAAGAT	889>AAABD@?@>>@@	CTTAGCCCAATT	CTTAGCCCAATT	?=;::9;>CEFH	-	-	116015827	116016011	chr1
3d08afc1-58c1-4492-afab-3ae4f8b8e156_0	CTCAGGGGTCAGTCCG	CTCAGGGGTCAGTCCG	=@@>BFFLJORMNKON	CGCCAGGAACGG	CGCCAGGAACGG	JIIFHMHJJIAF	-	-	116015827	116016014	chr1
44f3513c-d4a8-4608-a63a-1db2aff06cec_0	CTCAGGGGTCAGTCCG	CTCAGGGGTCAGTCCG	@ABDBBCD88885466	CTGGCTAGTCGC	CTGGCTAGTCGC	@I@??>>>>>?G	-	-	116015827	116016011	chr1
52afa412-e890-44dc-970a-8e3e946b872b_0	GATAGAAGTAAGATAC	GATAGAAGTAAGATAC	000?<<<;;>><====	ATTAACTTTGTA	ATTAACTTTGTA	@AABD@@@@@A>	-	-	116015827	116016015	chr1
9819b8e7-151d-44fe-9339-33eb0c24358e_0	GCACATAGTGACTAAA	GCACATAGTGACTAAA	EGEGJJHKHGGEHEEE	TCCGTTGGATAA	TCCGTTGGATAA	FGA@??@BFDEF	IGSF3	-	116622693	116623264	chr1
b110305b-baa6-4963-bd4a-3318bf22bf30_0	GCTACAAAGTGAGCCA	GCTACAAAGTGAGCCA	==?@>@?><=<<9777	CGCAAGGTATCC	CGCAAGGTATCC	79;<;:;::;=F	-	-	116015827	116016015	chr1
b38740c8-e4d9-4bbd-98b3-fd57d0e36f12_0	GGATCTACAGAAATTG	GGATCTACAGAAATTG	@?@A@@B@@@ABCEGD	CGAGAGGCAGGA	CGAGAGGCAGGA	97767:>?@???	-	-	228494118	228494966	chr1
bf986267-6759-4adc-8657-5a30ec58b606_0	GTAGATCTCATGAGGG	GTAGATCTCATGAGGG	6779879965556788	GGGTGGTAAATT	GGGTGGTAAATT	8899:>@AAAB8	-	-	116015827	116016015	chr1
3c965cb7-f60b-4bd5-b88b-53835cbd324e_0	GTAGATCTCATGAGGG	GTAGATCTCATGAGGG	???@BAAB><<;===:	GGGTGGTAAATT	GGGTGGTAAATT	:99;;<@CEFJK	-	-	116015827	116016015	chr1
bbd211b8-03e5-4422-8ab0-c7c50ba8233a_0	GTGTAACAGAATAGTC	GTGTAACAGAATAGTC	EEDDDDCCAAAA@?>=	TACACGGTGTAA	TACACGGTGTAA	<=>?;8888:?@	-	-	116015827	116016015	chr1
602dd6e0-77d1-4ece-9578-bd5a82d20090_0	GTGTAACAGAATAGTC	GTGTAACAGAATAGTC	SMMSOLIIIFHHFEDC	TACACGGTGTAA	TACACGGTGTAA	BCCCDDBCDFHG	-	-	116015827	116016015	chr1
7892dfc6-ce62-40e6-a794-b2bf8c060d6b_0	GTGTAACAGAATAGTC	GTGTAACAGAATAGTC	FHCBDFFEDEGFEGEF	CTGGTAAGTGGT	CTGGTAAGTGGT	FGGEDGBCBBFM	-	-	116015827	116016015	chr1
15baf1a9-fe99-4bf1-aaa2-4e1133598fca_0	GTGTAACAGAATAGTC	GTGTAACAGAATAGTC	EEEEEDBCDCDFD<<5	AGAAGAAAGCCG	AGAAGAAAGCCG	544499;><;96	-	-	116015827	116016015	chr1
14ce46c6-be0e-481e-93a3-96e328fe7288_0	TATCAGGCATGGACAG	TATCAGGCATGGACAG	CBCDDB?????>>>>>	GATTAGACACAA	GATTAGACACAA	>>>?@?>==>A@	IGSF3	-	116622601	116623264	chr1
20f6ebaf-100d-40f0-bcd6-921f3e856dec_0	TCTACCGAGCGACTGA	TCTACCGAGCGACTGA	?>>>>;:9997888:D	AACTTACTTAGA	AACTTACTTAGA	FEEHG75555<;	-	-	117096195	117102861	chr1
4bb7c7e5-8661-4c51-ad8e-54f2acc60472_0	TTAGGCAAGGTTAGTA	TTAGGCAAGGTTAGTA	A@@@?>>>=>?>=<=:	CTGCGGGCCAGA	CTGCGGGCCAGA	87678:<>>AAB	-	-	116015827	116016015	chr1
3a0045b6-ff4c-48e2-8953-f78921fefa90_0	TTCGCTGTCTCCCATG	TTCGCTGTCTCCCATG	888;ABABBCA@??=>	CAGAATTGACGT	CAGAATTGACGT	?@AB@=7666;D	-	-	51562526	51566360	chr1
1840564e-af6f-417f-af33-5e90791e36fd_0	TTGTTCATCATTGCTT	TTGTTCATCATTGCTT	=?;;A@>?AIISIFEF	TATTATCGACGA	TATTATCGACGA	FESSMLIGGFDC	-	-	116015827	116016015	chr1
61f4dcab-2b21-4122-9c82-417786fb23d6_0	TTTCATGGTCGCTTAA	TTTCATGGTCGCTTAA	CCKBHHGEFFCCDCDL	TTTGTTTCCGAA	TTTGTTTCCGAA	MLID@@@?A@>8	-	-	116015827	116016015	chr1
2ad2881f-9746-4bab-975d-27a470c2084d_0	TTTCATGGTCGCTTAA	TTTCATGGTCGCTTAA	001;=32222877610	TTTGTTCTCAAT	TTTGTTCTCAAT	0.,++%$$&)01	-	-	116015827	116016015	chr1
e76410ee-8d57-49b1-8181-59308998731c_0	TTTCATGGTCGCTTAA	TTTCATGGTCGCTTAA	=<::FJGEGFKIONNM	TTTGTTTCCGAA	TTTGTTTCCGAA	SMFIGFEBEDCE	-	-	116015827	116016015	chr1
155e6364-311f-4e68-b3be-3510be22726a_0	ACAGCCGCAATTTCTC	ACAGCCGCAATTTCTC	HLFHHDBCCDIMOMKC	CGGTCTGGCCGT	CGGTCTGGCCGT	B@AGGIIIOSID	HSPB1	NM_001540	76302674	76304289	chr7
bb23ea10-1a79-44aa-b5ca-475d1931fc97_0	AGTCTCCCAACCTAAC	AGTCTCCCAACCTAAC	>??GFHFCDEDFGFEI	TTACTGTAAATG	TTACTGTAAATG	JLHJHCAFKDCI	-	-	128458972	128459070	chr7
3d8a08db-75d3-4fab-9c02-3c7393f77f18_0	AGTCCCCAACCTAACT	AGTCTCCCAACCTAAC	/--*''+%,03>CDFH	CGCCAGGTCGAT	CGCCAGGTCGAT	D@@AABIHC:87	-	-	128458972	128459070	chr7
0ba73703-d4ba-4df9-a1e0-ab75f5450451_0	AGTCTCCCAACCTAAC	AGTCTCCCAACCTAAC	%%%',-.-++>===>>	CGGGGGTAGAAC	CGGGGGTAGAAC	<::::>=85442	-	-	128458990	128459070	chr7
aa33bdaf-5025-40d8-ba99-b6b780f66ad9_0	AGTCTCCCAACCTAAC	AGTCTCCCAACCTAAC	=<;<<<<==<;87776	GCCAGAGCATAC	GCCAGAGCATAC	74337;;;<>@E	-	-	128458975	128459070	chr7
05b72486-5f7e-441d-88a0-56daee3f72f5_0	GAACACTGTGCGTGCT	GAACACTGTGCGTGCT	IJJSIOIJOMHIFIII	GCTGGTACGGGA	GCTGGTACGGGA	JSKCCA;;;<==	-	-	128458972	128459070	chr7
cac321e1-dad0-4066-b836-69c9bd65dcf8_0	GAGCCTGCAATGGCCC	GAGCCTGCAATGGCCC	BCCCCAFFEDA??>>@	AATATAGGCAAG	AATATAGGCAAG	A@?AAA@BDCBD	-	-	91745131	91745219	chr7
4b2bec3b-fdca-42a5-bdd4-87b34ef5bd29_0	GCCATGGGTGAGTTTC	GCCATGGGTGAGTTTC	9:<?@???@??>>?A?	TTAGTATTTTAC	TTAGTATTTTAC	IG>>C@A@?@=7	-	-	106338492	106338765	chr7
8322000a-dc90-4e81-aa93-eecb0a2e5614_0	GTGCACGCAAAGTGTA	GTGCACGCAAAGTGTA	KISLOLHHINPKJJS;	GATATTGGTGGA	GATATTGGTGGA	;;:;;EGEJILF	HSPB1	NM_001540	76302674	76304293	chr7
9fcdf1cb-f46a-44ca-b322-60af2c529b01_0	TGCAGTAGTGAGTAAT	TGCAGTAGTGAGTAAT	IJMLQPLOJNSQKJKR	GCATTCGTTAAG	GCATTCGTTAAG	SJPHIFEDBEEE	-	-	128458972	128459070	chr7
e42be7f2-0950-4745-b348-dd2ebe3b3782_0	GCAGTAGTGAGTAATC	TGCAGTAGTGAGTAAT	248;AECEFHJGGJED	GATCGAAAAATT	GATCGAAAAATT	;)((/AFCBFJS	-	-	128458975	128459070	chr7
cfae5c2a-59db-439e-9339-11ce3cff5a79_0	TGCAGTAGTGAGTAAT	TGCAGTAGTGAGTAAT	EBAA@@AACAA==<<<	GCATTCGTTAAG	GCATTCGTTAAG	?@AC865559=<	-	-	128458972	128459070	chr7
eced078b-a3c4-4935-a7c0-13285a48afb1_0	TGCAGTAGTGAGTAAT	TGCAGTAGTGAGTAAT	JGFEDDCEEGLCCBCB	TATTTGGAGGCA	TATTTGGAGGCA	GESNPILHHGIB	-	-	128458972	128459070	chr7
5566eb78-ddae-4606-bae1-701bf08b1759_0	TGCAGTAGTGAGTAAT	TGCAGTAGTGAGTAAT	BA@AACE??>>?B?>>	TCGTAAAATTGG	TCGTAAAATTGG	>>CEGGDA@?@B	-	-	128458972	128459070	chr7
f5b088d9-abcf-4c12-92fe-13e7461ce725_0	TGCAGTAGTGAGTAA	TGCAGTAGTGAGTAAT	@<7DA?@?@ILIMOK	TCGATCGGAAAA	TCGATCGGAAAA	KIFC>>AA?235	-	-	128458975	128459070	chr7
f4e08fb0-5d86-429c-a838-afd64a0b0155_0	TGTGATGTCCATCTCG	TGTGATGTCCATCTCG	JFHDGE:864446BCC	CCGCTCTAAACT	CCGCTCTAAACT	DFFDEED><<:3	-	-	128458990	128459070	chr7
c1e3d0b1-9af1-4490-9b66-fdcdb2fe7271_0	TGTGATGTCCATCTCG	TGTGATGTCCATCTCG	/--1DFEECBBCDDA>	TACGCCCGGAAG	TACGCCCGGAAG	==<=>><;<<=E	-	-	128458878	128459070	chr7
01b83789-0557-4384-be39-70b80400b8bd_0	CATGCTCCATCAGCTA	CATGCTCCATCAGCTA	PIKIHIGKGJLOGMIK	TAGGCGCAGCGA	TAGGCGCAGCGA	JIILLEEEEGID	NFIL3	-	91418855	91419065	chr9
3241cc4a-85e0-48ef-83fa-b166f2c1486b_0	CATGCTCCATCAGCTA	CATGCTCCATCAGCTA	MJJGGJHHBAAABHHG	CCGGGCTAGGAG	CCGGGCTAGGAG	JHGGMJGIJGI@	NFIL3	-	91418855	91419065	chr9
fa0eaa45-1017-43c0-bf25-ef45b4a35723_0	CATGCTCCATCAGCTA	CATGCTCCATCAGCTA	CFGGFGGHHFFAA@@B	AATGAGTATGTT	AATGAGTATGTT	GCEFGFFEFEFG	NFIL3	-	91418855	91419065	chr9
9998f61c-8c48-43aa-ade4-5fcb8145c02b_0	CATGCTCCATCAGCTA	CATGCTCCATCAGCTA	<=><997777?HEFGF	CCGGGCTAGGAG	CCGGGCTAGGAG	IHIIHJIHHGJD	NFIL3	-	91418855	91419065	chr9
183a8977-6674-496d-b31e-5583513fb131_0	TCTGCCAAGCCTGTCG	TCTGCCAAGCCTGTCG	>>@<;;:::;==A===	GTTGCCGTATAT	GTTGCCGTATAT	=;,+++4.--02	RPL12	NM_000976	127447676	127451405	chr9
46b8a6a1-4344-401d-848a-8348947fafbf_0	AACAAGAGTCCACTTC	AACAAGAGTCCACTTC	BAA?A?=<<=>A<<<<	TATTACTGGGGG	TATTACTGGGGG	<><332469;<<	-	-	1001	1557	chrM
e68eeeda-33a4-42f4-a37f-a8db02758070_0	ACTGATGTCTTGGTCC	ACTGATGTCTTGGTCC	?>@;<<<?@AB88878	ATAGCAGTCGAC	ATAGCAGTCGAC	;>>AA@??=877	-	-	5900	7519	chrM
c5df2247-7b3c-4e2e-9b56-96222c5f2272_0	TTCCTAACAACTGAAA	TTCCTAACAACTGAAA	C814<==@@DCDDDCF	ATTCCTAAAAAG	ATTCCTAAAAAG	LHMF?>??CJJ9	-	-	150704129	150704888	chrX
00a896f0-8387-473f-a007-41a54ec8d5b8_0	AATCACGCAACAGATA	AATCACGCAACAGATA	@@?EE=9888:@AABA	TGCAGTCATGAC	TGCAGTCATGAC	BAAA@@@@A@<8	WDR74	NM_001369450	62832907	62839583	chr11
639a4e29-93ad-4bd3-b838-6cba806be2e6_0	CAGCAATAGTGGTCAG	CAGCAATAGTGGTCAG	EDBCCCDCEICBB:54	TAATCGTTACAC	TAATCGTTACAC	445700000B?>	-	-	65120642	65122188	chr11
36a61966-f597-4a68-91a0-b63de4c23928_0	CCTTTGGGTACCGGAA	CCTTTGGGTACCGGAA	DCDCACAAAAA<;;>8	GGGATCGGCGAG	GGGATCGGCGAG	?55556999=>>	-	-	87369532	87369772	chr11
20d4cf5c-2413-4f05-9376-6ec13267d007_0	AGGAATATCATCCCGT	AGGAATATCATCCCGT	445@@ACA>98889?E	CAATCTGCGAGA	CAATCTGCGAGA	AA?=:::;=@BD	KLF5	-	73065540	73065938	chr13
75d7b324-a612-4830-b34b-7057c45748d2_0	GACCCTTAGATGGTAT	GACCCTTAGATGGTAT	HISNIFIABDKHHKJM	GAAGGGTACCGC	GAAGGGTACCGC	FJGJJJJIDB87	-	-	20656382	20691351	chr13
d786fd47-7f2e-4543-8484-4f0e1b607135_0	TACTGCCGTGCATGTT	TACTGCCGTGCATGTT	MHSNOJLGOJJNMJLL	CTTTTAGGTTAT	CTTTTAGGTTAT	KGOL3,GHGFDC	KLF5	-	73065718	73065938	chr13
dfbd093d-03be-40c2-bc7e-62d791fb2391_0	TACTGCCGTGCATGTT	TACTGCCGTGCATGTT	B@????855569A@AC	CTTTTAGGTTAT	CTTTTAGGTTAT	BACCDB>=<<:6	KLF5	-	73065718	73065938	chr13
e784c504-a729-49b4-908a-ca2e4fda24dc_0	ACCTGTCCATTAAGCC	ACCTGTCCATTAAGCC	KKIIFFFFFIGKIJFG	ACCTCCTCCGTG	ACCTCCTCCGTG	LIGJHHHJFABF	GAPDH	NM_002046	6534516	6538371	chr12
103e4cb1-14d7-4a32-8570-774077157bae_0	CCGTGAGGTATGGTAA	CCGTGAGGTATGGTAA	CCEMJLSOSJKSSSLL	CTGTTCTTGTGC	CTGTTCTTGTGC	SMONSMORMOKD	-	-	56712430	56725312	chr12
ef9cf804-d571-45a7-916a-dc12a87082a8_0	TACATTCGTATGCTAC	TACATTCGTATGCTAC	JIMKOIKHIJJKHRHG	GCAACTAAGACT	GCAACTAAGACT	KHDCCEEMLJA=	RPLP0	NM_001002	120196701	120201107	chr12
e4588060-6dc0-4fe3-b770-ab270605fc47_0	TGGATCATCTTTCAGT	TGGATCATCTTTCAGT	;1289@ABAA;:7866	CACGTGCCTCCA	CACGTGCCTCCA	99HGGGIOPMK?	KRT18	NM_000224	52949120	52952906	chr12
984cf3db-e252-4c7c-aa35-cdb6d745d8e3_0	TTCCTAATCACTTTGT	TTCCTAATCACTTTGT	?>>?ACAACCDFC><<	ACCATAGCCCGA	ACCATAGCCCGA	<<=?:43345<I	-	-	55148135	55169499	chr14
9bb26c2b-d6c7-417a-93e6-cc5aa7def9f7_0	TTTGGAGTCTAAGCCA	TTTGGAGTCTAAGCCA	AAF@?><==>>???@@	CAGCCTCAAGCA	CAGCCTCAAGCA	?@@????@AAA>	-	NM_001021_2	325858	329560	chr15_KI270850v1_alt
1157a371-21ff-4ae5-a8cc-d84403a7beba_0	ACTGTGAAGTCCTACA	ACTGTGAAGTCCTACA	EAACCEIIEDCAAAAB	GAACGTCATCAT	GAACGTCATCAT	BAB;7777;BA@	COMMD4	NM_017828	75336064	75340257	chr15
10f874ab-02c4-4adc-a5d5-ad84abb515f3_0	TGTAAGCGTGTAAACA	TGTAAGCGTGTAAACA	D@?@@?<999:<CCBC	GCGAGTCCCTCA	GCGAGTCCCTCA	?744458;9999	-	-	72199028	72209806	chr15
886a74e5-d3a3-4cae-917d-2a754293a616_0	TTTACTGGTTTGTGGT	TTTACTGGTTTGTGGT	CBC<>=<=<8@=DCEE	AAATGGCAAAAG	AAATGGCAAAAG	FEEFIHGFEILC	-	-	78063154	78063916	chr15
8c1d1ffe-3c19-4dac-8e93-f548c4ba7002_0	ATGAAAGAGTGCACAG	ATGAAAGAGTGCACAG	AA?@BBAB?>88899?	GCTCACAGACAG	GCTCACAGACAG	>===?ABAA@?=	HCFC1R1	NM_001002017	3022630	3024273	chr16
672a9607-7c57-4ed6-b44f-8c078ab8b336_0	GGGAGATAGCGACAGT	GGGAGATAGCGACAGT	FFEFEEEDBA?>??@F	GAACAGTCCCGG	GAACAGTCCCGG	HFFGFFFDCB??	-	-	72635676	72635781	chr16
